序号,链接,节点数
0,https://3yw7Vf.absslk.xyz/c2033d1e2f4a62519e1ae3ae49138911,38
1,https://gitlab.com/colloq168/nodefiltrate/-/raw/main/filtrate?ref_type=heads,21
2,https://raw.githubusercontent.com/Alvin9999/pac2/master/clash.meta2/1/config.yaml,0
3,https://raw.githubusercontent.com/Alvin9999/pac2/master/clash.meta2/13/config.yaml,0
4,https://raw.githubusercontent.com/Alvin9999/pac2/master/clash.meta2/15/config.yaml,0
5,https://raw.githubusercontent.com/Alvin9999/pac2/master/clash.meta2/2/config.yaml,0
6,https://raw.githubusercontent.com/Alvin9999/pac2/master/clash.meta2/config.yaml,0
7,https://raw.githubusercontent.com/Huibq/TrojanLinks/master/links/vmess,0
8,https://raw.githubusercontent.com/Surfboardv2ray/TGParse/main/python/hy2,8
9,https://raw.githubusercontent.com/Surfboardv2ray/TGParse/main/python/hysteria2,49
10,https://raw.githubusercontent.com/qjlxg/hy2/main/splitted/hy2,11
11,https://raw.githubusercontent.com/ripaojiedian/freenode/main/clash,24
12,https://raw.githubusercontent.com/ripaojiedian/freenode/main/sub,23
13,https://raw.githubusercontent.com/zhangkaiitugithub/passcro/main/speednodes.yaml,17
14,https://tMWVqG.mcsslk.xyz/c9bcfdc31e6ee0df9d270eba7f43d0e4,37
15,dynamic://peasoft,0

总计,,193
